Date,Name,Year,Letterboxd URI,Rating
2021-11-29,Violet,2021,https://boxd.it/oMCE,4
2021-11-29,Hot Fuzz,2007,https://boxd.it/2416,3.5
2021-11-29,The World's End,2013,https://boxd.it/3EiO,3
2021-11-29,Scott Pilgrim vs. the World,2010,https://boxd.it/1Aq6,4
2021-11-29,La La Land,2016,https://boxd.it/a5fa,3
2021-11-29,Attack the Block,2011,https://boxd.it/hFO,3
2021-11-29,Dune,2021,https://boxd.it/fA7G,2
2021-11-29,Pulp Fiction,1994,https://boxd.it/29Pq,4
2021-11-29,Once Upon a Time... in Hollywood,2019,https://boxd.it/gH0O,4.5
2021-11-29,Inglourious Basterds,2009,https://boxd.it/1JzG,4.5
2021-11-29,Django Unchained,2012,https://boxd.it/2cCk,4.5
2021-11-29,The Hateful Eight,2015,https://boxd.it/8gw8,4.5
2021-11-29,Jackie Brown,1997,https://boxd.it/2aVO,4
2021-11-29,Four Rooms,1995,https://boxd.it/73g,3
2021-11-29,Pitch Perfect,2012,https://boxd.it/3OsE,3
2021-11-29,Pitch Perfect 2,2015,https://boxd.it/7tNa,3
2021-11-29,The Good Dinosaur,2015,https://boxd.it/3AD4,3
2021-11-29,Brave,2012,https://boxd.it/bVG,4
2021-11-29,A Bug's Life,1998,https://boxd.it/1Yyy,4.5
2021-11-29,Onward,2020,https://boxd.it/io92,4.5
2021-11-29,Soul,2020,https://boxd.it/ioLA,4
2021-11-29,Monsters University,2013,https://boxd.it/bQm,3
2021-11-29,WALL·E,2008,https://boxd.it/1VEo,4.5
2021-11-29,Cars,2006,https://boxd.it/29ho,3.5
2021-11-29,"Monsters, Inc.",2001,https://boxd.it/2a46,4
2021-11-29,Finding Nemo,2003,https://boxd.it/72i,4.5
2021-11-29,Incredibles 2,2018,https://boxd.it/7IPg,4.5
2021-11-29,Inside Out,2015,https://boxd.it/4KHC,4
2021-11-29,Coco,2017,https://boxd.it/bYJQ,4.5
2021-11-29,Toy Story 3,2010,https://boxd.it/1WRe,4.5
2021-11-29,Spider-Man 2,2004,https://boxd.it/2a88,2
2021-11-29,Get Out,2017,https://boxd.it/eOCm,4.5
2021-11-29,Us,2019,https://boxd.it/gnV6,4
2021-11-29,Joker,2019,https://boxd.it/h4cS,4
2021-11-29,BlacKkKlansman,2018,https://boxd.it/hxL8,4
2021-11-29,Ring,1998,https://boxd.it/26tw,4
2021-11-29,The Ring,2002,https://boxd.it/2a70,2.5
2021-11-29,Ju-on: The Grudge,2002,https://boxd.it/1SY6,3.5
2021-11-29,The Handmaiden,2016,https://boxd.it/948A,4.5
2021-11-29,The Call,2020,https://boxd.it/l94W,2
2021-11-29,Candyman,2021,https://boxd.it/kHFg,3.5
2021-11-29,Don't Breathe,2016,https://boxd.it/9yzw,4
2021-11-29,It,1990,https://boxd.it/26tG,2
2021-11-29,It,2017,https://boxd.it/bC8e,4.5
2021-11-29,It Chapter Two,2019,https://boxd.it/h10u,4
2021-11-29,World War Z,2013,https://boxd.it/2p2E,1.5
2021-11-29,Hush,2016,https://boxd.it/d5ys,3.5
2021-11-29,Unfriended,2014,https://boxd.it/8sXg,1
2021-11-29,Scream,1996,https://boxd.it/24EC,4
2021-11-29,A Quiet Place,2018,https://boxd.it/fVJQ,4
2021-11-29,Cloverfield,2008,https://boxd.it/2192,3
2021-11-29,Split,2016,https://boxd.it/dgSy,4.5
2021-11-29,Unbreakable,2000,https://boxd.it/1XV2,4
2021-11-29,Glass,2019,https://boxd.it/g3uO,3.5
2021-11-29,The Sixth Sense,1999,https://boxd.it/29Js,4
2021-11-29,The Last Airbender,2010,https://boxd.it/1WQK,0.5
2021-11-30,Rocky,1976,https://boxd.it/28Uk,4
2021-11-30,Rocky V,1990,https://boxd.it/28SS,2.5
2021-11-30,Rocky II,1979,https://boxd.it/28Ua,3
2021-11-30,Rocky III,1982,https://boxd.it/28Tw,3
2021-11-30,Rocky IV,1985,https://boxd.it/28T2,3
2021-11-30,Rocky Balboa,2006,https://boxd.it/291q,3
2021-11-30,The Expendables,2010,https://boxd.it/1rtA,2.5
2021-11-30,Creed,2015,https://boxd.it/a2qk,3.5
2021-11-30,Bruce Almighty,2003,https://boxd.it/2aCC,3
2021-11-30,Lemony Snicket's A Series of Unfortunate Events,2004,https://boxd.it/1T7s,2.5
2021-11-30,Liar Liar,1997,https://boxd.it/28sg,3
2021-11-30,A Christmas Carol,2009,https://boxd.it/1HKW,2.5
2021-11-30,Kick-Ass 2,2013,https://boxd.it/hqu,3.5
2021-11-30,The Cable Guy,1996,https://boxd.it/1XAI,2
2021-11-30,Ace Ventura: When Nature Calls,1995,https://boxd.it/1Z66,1
2021-11-30,"Me, Myself & Irene",2000,https://boxd.it/27nY,2.5
2021-11-30,Mr. Popper's Penguins,2011,https://boxd.it/kRS,1.5
2021-11-30,Knives Out,2019,https://boxd.it/jWEA,4.5
2021-11-30,Midsommar,2019,https://boxd.it/jhxe,2.5
2021-11-30,Avengers: Endgame,2019,https://boxd.it/9vE4,1.5
2021-11-30,The Amazing Spider-Man 2,2014,https://boxd.it/3utM,1.5
2021-11-30,Avengers: Infinity War,2018,https://boxd.it/9vEe,2
2021-11-30,The Shining,1980,https://boxd.it/29Nu,4
2021-11-30,Spider-Man: Homecoming,2017,https://boxd.it/aboM,3.5
2021-11-30,Suicide Squad,2016,https://boxd.it/9row,0.5
2021-11-30,I Am Legend,2007,https://boxd.it/21DG,1.5
2021-11-30,The Pursuit of Happyness,2006,https://boxd.it/28PE,4
2021-11-30,Bad Boys,1995,https://boxd.it/1XVG,3
2021-11-30,Bad Boys II,2003,https://boxd.it/1ZuW,3
2021-11-30,The Avengers,2012,https://boxd.it/1xFW,3
2021-11-30,The Perks of Being a Wallflower,2012,https://boxd.it/2ZA8,3
2021-11-30,Deadpool,2016,https://boxd.it/9fOC,3.5
2021-11-30,Doctor Strange,2016,https://boxd.it/8MH8,2.5
2021-11-30,Captain America: Civil War,2016,https://boxd.it/89Ja,3
2021-11-30,Nightcrawler,2014,https://boxd.it/780m,4
2021-11-30,Captain America: The Winter Soldier,2014,https://boxd.it/3r58,3
2021-11-30,Good Will Hunting,1997,https://boxd.it/2ahY,4.5
2021-11-30,A Clockwork Orange,1971,https://boxd.it/2aVE,3.5
2021-11-30,Léon: The Professional,1994,https://boxd.it/2b8S,4
2021-11-30,(500) Days of Summer,2009,https://boxd.it/1EmM,3.5
2021-11-30,Captain Marvel,2019,https://boxd.it/9vSA,2.5
2021-11-30,Avengers: Age of Ultron,2015,https://boxd.it/3qi6,2.5
2021-11-30,Star Wars: The Force Awakens,2015,https://boxd.it/4vru,3
2021-11-30,Captain America: The First Avenger,2011,https://boxd.it/28b0,2.5
2021-11-30,Iron Man 3,2013,https://boxd.it/2cBQ,0.5
2021-11-30,Coraline,2009,https://boxd.it/1NhQ,4
2021-11-30,Iron Man 2,2010,https://boxd.it/1WZM,1.5
2021-11-30,Thor,2011,https://boxd.it/1WQU,1
2021-11-30,The Lion King,1994,https://boxd.it/201Q,5
2021-11-30,Your Name.,2016,https://boxd.it/cUqs,4.5
2021-11-30,Juno,2007,https://boxd.it/210a,3.5
2021-11-30,Thor: The Dark World,2013,https://boxd.it/2DqA,0.5
2021-11-30,Wonder Woman,2017,https://boxd.it/9roG,2.5
2021-11-30,Kingsman: The Secret Service,2014,https://boxd.it/6dxe,3.5
2021-11-30,Zootopia,2016,https://boxd.it/84xS,3.5
2021-11-30,Big Hero 6,2014,https://boxd.it/5rje,4
2021-11-30,Frozen,2013,https://boxd.it/3GNa,4
2021-11-30,Silver Linings Playbook,2012,https://boxd.it/2TTo,4
2021-11-30,The Nice Guys,2016,https://boxd.it/94Hg,4
2021-11-30,V for Vendetta,2005,https://boxd.it/29Ik,3.5
2021-11-30,Moneyball,2011,https://boxd.it/glS,3.5
2021-11-30,Midnight in Paris,2011,https://boxd.it/i4a,4
2021-11-30,The Imitation Game,2014,https://boxd.it/6aig,4
2021-11-30,The Incredible Hulk,2008,https://boxd.it/28dU,1
2021-11-30,Klaus,2019,https://boxd.it/ipoi,4.5
2021-11-30,Ford v Ferrari,2019,https://boxd.it/ce74,4
2021-11-30,Into the Wild,2007,https://boxd.it/22m2,4
2021-11-30,Saw,2004,https://boxd.it/2aWW,2.5
2021-11-30,Lilo & Stitch,2002,https://boxd.it/1TAY,4
2021-11-30,Frozen II,2019,https://boxd.it/aPvo,4
2021-11-30,A Silent Voice: The Movie,2016,https://boxd.it/d99c,4.5
2021-11-30,The Intouchables,2011,https://boxd.it/2FT0,4
2021-11-30,Gangs of New York,2002,https://boxd.it/25FG,4
2021-11-30,"O Brother, Where Art Thou?",2000,https://boxd.it/2b3I,3.5
2021-11-30,The Machinist,2004,https://boxd.it/248c,4
2021-11-30,Kick-Ass,2010,https://boxd.it/1zaQ,3.5
2021-11-30,Enola Holmes,2020,https://boxd.it/hX2o,3
2021-11-30,The Boy in the Striped Pyjamas,2008,https://boxd.it/1NOK,3
2021-11-30,The Butterfly Effect,2004,https://boxd.it/27M0,1
2021-11-30,Mission: Impossible,1996,https://boxd.it/29d2,2
2021-11-30,Ocean's Twelve,2004,https://boxd.it/2aZ2,2.5
2021-11-30,District 9,2009,https://boxd.it/1Iik,2.5
2021-11-30,Billy Elliot,2000,https://boxd.it/2bdy,4
2021-11-30,The Blind Side,2009,https://boxd.it/1zWg,3.5
2021-11-30,Lion,2016,https://boxd.it/b2La,4
2021-11-30,Taken,2008,https://boxd.it/1ZXa,3.5
2021-11-30,A Dog's Will,2000,https://boxd.it/12u4,4
2021-11-30,Spirited Away,2001,https://boxd.it/2b4m,4.5
2021-11-30,Gonjiam: Haunted Asylum,2018,https://boxd.it/ioyw,1.5
2021-11-30,Searching,2018,https://boxd.it/hDPg,2.5
2021-11-30,To All the Boys I've Loved Before,2018,https://boxd.it/gHec,3
2021-11-30,Goodnight Mommy,2014,https://boxd.it/8Niy,2.5
2021-11-30,The Platform,2019,https://boxd.it/mUm6,0.5
2021-11-30,Batman v Superman: Dawn of Justice,2016,https://boxd.it/6fBW,1
2021-12-01,As Good as It Gets,1997,https://boxd.it/268y,4.5
2021-12-01,"Lock, Stock and Two Smoking Barrels",1998,https://boxd.it/2b92,3.5
2021-12-01,Apt Pupil,1998,https://boxd.it/1YFa,2.5
2021-12-01,He Got Game,1998,https://boxd.it/1YBs,4
2021-12-01,Nine Queens,2000,https://boxd.it/1HBA,4
2021-12-01,Waking Life,2001,https://boxd.it/1Zdc,3.5
2021-12-01,Secret Window,2004,https://boxd.it/28xq,3
2021-12-01,Million Dollar Baby,2004,https://boxd.it/2bdI,4
2021-12-01,Coach Carter,2005,https://boxd.it/218e,3
2021-12-01,Hachi: A Dog's Tale,2009,https://boxd.it/1q4a,4
2021-12-01,Predestination,2014,https://boxd.it/6bJM,3
2021-12-01,Sing Street,2016,https://boxd.it/cOo6,4
2021-12-01,The Man Who Knew Infinity,2015,https://boxd.it/bTpm,2.5
2021-12-01,Straight Outta Compton,2015,https://boxd.it/8rMc,4
2021-12-01,The Italian Job,2003,https://boxd.it/1Y86,3.5
2021-12-01,I Killed My Mother,2009,https://boxd.it/1ubO,3.5
2021-12-01,The Babadook,2014,https://boxd.it/77xu,4
2021-12-01,Gerald's Game,2017,https://boxd.it/buKa,3
2021-12-02,As the Gods Will,2014,https://boxd.it/76T0,1
2021-12-02,Death Note,2017,https://boxd.it/bOS4,0.5
2021-12-02,Up,2009,https://boxd.it/1OEc,4.5
2021-12-02,Toy Story,1995,https://boxd.it/29qA,4.5
2021-12-02,Toy Story 2,1999,https://boxd.it/29qq,4
2021-12-02,The Incredibles,2004,https://boxd.it/1XLm,4.5
2021-12-02,CODA,2021,https://boxd.it/tbf4,4.5
2021-12-04,"tick, tick... BOOM!",2021,https://boxd.it/jz2e,4.5
2021-12-04,The Green Knight,2021,https://boxd.it/kuy2,3
2021-12-06,The Humans,2021,https://boxd.it/lEQM,4
2021-12-09,Dear Evan Hansen,2021,https://boxd.it/kOP8,1
2021-12-11,King Richard,2021,https://boxd.it/mJZ2,3.5
2021-12-12,Belfast,2021,https://boxd.it/tefG,3.5
2021-12-13,The Last Duel,2021,https://boxd.it/mQbe,4.5
2021-12-15,The Harder They Fall,2021,https://boxd.it/mRCU,3
2021-12-15,Scarface,1932,https://boxd.it/29oa,4
2021-12-19,Wolfwalkers,2020,https://boxd.it/fGrC,4.5
2021-12-20,Spider-Man: Far From Home,2019,https://boxd.it/fegG,2.5
2021-12-28,Space Jam: A New Legacy,2021,https://boxd.it/dd9A,0.5
2022-01-02,Kingsman: The Golden Circle,2017,https://boxd.it/buJm,1.5
2022-01-03,Escape Room,2019,https://boxd.it/iYlS,1
2022-01-04,Ron's Gone Wrong,2021,https://boxd.it/hlj2,3.5
2022-01-04,West Side Story,1961,https://boxd.it/28dK,4
2022-01-05,Luca,2021,https://boxd.it/ipjC,4.5
2022-01-07,Reservoir Dogs,1992,https://boxd.it/2agc,5
2022-01-09,Sing,2016,https://boxd.it/b5EQ,2
2022-01-09,Sing 2,2021,https://boxd.it/fAnE,3
2022-01-24,E.T. the Extra-Terrestrial,1982,https://boxd.it/2a1G,3
2022-02-07,A Hero,2021,https://boxd.it/p2zw,4
2022-02-25,Metamorphosis,1975,https://boxd.it/6aam,0.5
2022-03-25,Red Rocket,2021,https://boxd.it/sGpi,4
2022-03-25,Flee,2021,https://boxd.it/ponM,4
2022-04-12,West Side Story,2021,https://boxd.it/iwt0,4
2022-04-15,Turning Red,2022,https://boxd.it/ipkq,3
2022-04-16,Scream,2022,https://boxd.it/o0lg,3
2022-04-16,Spider-Man: No Way Home,2021,https://boxd.it/nwRw,3
2022-04-17,House of Gucci,2021,https://boxd.it/nVkC,2
2022-04-21,50/50,2011,https://boxd.it/10Tw,3.5
2022-04-22,Raging Bull,1980,https://boxd.it/28yI,4
2022-04-22,The Hitchhiker's Guide to the Galaxy,2005,https://boxd.it/20VE,2.5
2022-04-22,Wanted,2008,https://boxd.it/1ZBS,3
2022-04-22,Dr. Strangelove or: How I Learned to Stop Worrying and Love the Bomb,1964,https://boxd.it/29eY,4
2022-04-26,Nightmare Alley,2021,https://boxd.it/m0HC,3
2022-04-28,The Great Dictator,1940,https://boxd.it/29ic,3
2022-04-29,Mr. Thank You,1936,https://boxd.it/3qAE,3.5
2022-04-30,3-Iron,2004,https://boxd.it/28WK,2.5
2022-05-01,Infernal Affairs,2002,https://boxd.it/1Vqw,4
2022-05-01,Parallel Mothers,2021,https://boxd.it/sOP4,3
2022-05-02,The Departed,2006,https://boxd.it/28MA,3.5
2022-05-04,Taxi Driver,1976,https://boxd.it/2b8y,3
2022-05-04,The Bad Guys,2022,https://boxd.it/nkg4,3.5
2022-05-08,Fargo,1996,https://boxd.it/2aHM,4
2022-05-14,Marley & Me,2008,https://boxd.it/1Ola,3
2022-05-14,Flags of Our Fathers,2006,https://boxd.it/255y,3.5
2022-05-15,Petite Maman,2021,https://boxd.it/s6je,4.5
2022-05-15,Letters from Iwo Jima,2006,https://boxd.it/290C,4.5
2022-05-16,The Big Lebowski,1998,https://boxd.it/2b6C,4
2022-05-17,The Seventh Seal,1957,https://boxd.it/2ahO,4.5
2022-05-17,One Night in Miami...,2020,https://boxd.it/oCUo,4.5
2022-05-18,A Fistful of Dollars,1964,https://boxd.it/2auo,4
2022-05-19,For a Few Dollars More,1965,https://boxd.it/29eu,3.5
2022-05-19,One Flew Over the Cuckoo's Nest,1975,https://boxd.it/2aeA,4.5
2022-05-21,"The Good, the Bad and the Ugly",1966,https://boxd.it/2ape,3.5
2022-05-22,The Lure,2015,https://boxd.it/d3mE,1
2022-05-23,The Last Picture Show,1971,https://boxd.it/1weg,1
2022-06-01,10 Cloverfield Lane,2016,https://boxd.it/aZiu,3.5
2022-06-03,The Northman,2022,https://boxd.it/nK2s,4
2022-06-04,How to Train Your Dragon,2010,https://boxd.it/1WRy,4
2022-06-04,How to Train Your Dragon 2,2014,https://boxd.it/2TRW,3.5
2022-06-05,How to Train Your Dragon: The Hidden World,2019,https://boxd.it/5a9w,3
2022-06-08,War of the Worlds,2005,https://boxd.it/2bde,3
2022-06-11,The Unbearable Weight of Massive Talent,2022,https://boxd.it/o6eK,3.5
2022-06-11,Au Revoir les Enfants,1987,https://boxd.it/288U,3.5
2022-06-13,Homunculus,2021,https://boxd.it/rPtG,0.5
2022-06-14,The Salesman,2016,https://boxd.it/d2we,2
2022-06-22,Amores Perros,2000,https://boxd.it/2bfu,3.5
2022-06-23,Belladonna of Sadness,1973,https://boxd.it/2q,2.5
2022-06-28,Mulholland Drive,2001,https://boxd.it/297o,1.5
2022-07-02,Crimes of the Future,2022,https://boxd.it/uTuY,2.5
2022-07-04,Catch Me If You Can,2002,https://boxd.it/29VS,4
2022-07-16,The Virgin Suicides,1999,https://boxd.it/28JG,3.5
2022-07-19,Prisoners,2013,https://boxd.it/4E5i,3
2022-07-31,RRR,2022,https://boxd.it/ljDs,4.5
2022-08-04,Eternal Sunshine of the Spotless Mind,2004,https://boxd.it/6YK,4.5
2022-08-14,Day Shift,2022,https://boxd.it/sn8W,3
2022-08-30,Prey,2022,https://boxd.it/sNBU,3.5
2022-09-25,Hiroshima Mon Amour,1959,https://boxd.it/22WY,4
2022-10-03,1987: When the Day Comes,2017,https://boxd.it/fwdq,3.5
2022-10-06,Happy Together,1997,https://boxd.it/1Ha0,4
2022-11-01,The Thing,1982,https://boxd.it/294O,4
2022-11-03,Argentina 1985,2022,https://boxd.it/qLxM,4.5
2022-11-08,Lola,1981,https://boxd.it/273u,3
2022-11-14,Stray Dog,1949,https://boxd.it/1ltu,3.5
2022-11-14,Pickpocket,1959,https://boxd.it/29O8,3
2022-11-24,Repulsion,1965,https://boxd.it/1TKu,2.5
2022-11-26,Don't Worry Darling,2022,https://boxd.it/mViu,1
2022-12-15,"Jeanne Dielman, 23, quai du Commerce, 1080 Bruxelles",1975,https://boxd.it/T18,3.5
2022-12-17,Mishima: A Life in Four Chapters,1985,https://boxd.it/1sBA,4.5
2022-12-17,"4 Months, 3 Weeks and 2 Days",2007,https://boxd.it/27DW,4
2022-12-21,An Angel at My Table,1990,https://boxd.it/269G,1
2022-12-21,A Brighter Summer Day,1991,https://boxd.it/1Luy,4.5
2022-12-25,Secret Sunshine,2007,https://boxd.it/27CY,2
2022-12-27,Still Walking,2008,https://boxd.it/1wvm,4
2022-12-29,Shoplifters,2018,https://boxd.it/ifY6,4.5
2023-01-03,Broker,2022,https://boxd.it/rDUU,2
2023-01-04,Nobody Knows,2004,https://boxd.it/26E0,4
2023-01-07,The Terminal,2004,https://boxd.it/2a2O,3.5
2023-01-07,Titane,2021,https://boxd.it/nlQC,4
2023-01-07,C'mon C'mon,2021,https://boxd.it/nrI0,4
2023-01-07,American History X,1998,https://boxd.it/2bdo,3.5
2023-01-08,Sympathy for Mr. Vengeance,2002,https://boxd.it/23WU,4.5
2023-01-08,Lady Vengeance,2005,https://boxd.it/248G,4.5
2023-01-09,Three Thousand Years of Longing,2022,https://boxd.it/kmoy,3.5
2023-01-09,Burning,2018,https://boxd.it/hHUa,2
2023-01-10,American Beauty,1999,https://boxd.it/71Y,1.5
2023-01-10,Respect,2021,https://boxd.it/lPDE,1
2023-01-10,The Amazing Spider-Man,2012,https://boxd.it/27PI,1.5
2023-01-10,Fear Street: 1978,2021,https://boxd.it/lLBu,1.5
2023-01-10,Fear Street: 1994,2021,https://boxd.it/lLBk,1.5
2023-01-10,The Tender Bar,2021,https://boxd.it/rgLq,0.5
2023-01-11,Joint Security Area,2000,https://boxd.it/26Ja,4
2023-01-13,After Life,1998,https://boxd.it/1HMI,3.5
2023-01-14,Thirst,2009,https://boxd.it/1Aqq,4
2023-01-15,All Quiet on the Western Front,2022,https://boxd.it/H08,3.5
2023-01-16,Puss in Boots: The Last Wish,2022,https://boxd.it/aaie,4.5
2023-01-18,Aftersun,2022,https://boxd.it/Arw0,4.5
2023-01-18,Poetry,2010,https://boxd.it/JAs,2.5
2023-01-19,"I'm a Cyborg, But That's OK",2006,https://boxd.it/2328,4.5
2023-01-20,Stoker,2013,https://boxd.it/34S2,4
2023-01-21,Mulan,1998,https://boxd.it/1VFw,3.5
2023-01-22,The Quiet Girl,2022,https://boxd.it/yvgm,3.5
2023-01-23,Okja,2017,https://boxd.it/dvXe,3.5
2023-01-23,The Host,2006,https://boxd.it/28ZY,3
2023-01-23,Mother,2009,https://boxd.it/1m9g,2.5
2023-01-26,We're All Going to the World's Fair,2021,https://boxd.it/tbmY,3
2023-01-27,20th Century Girl,2022,https://boxd.it/w9ea,2
2023-01-28,Happening,2021,https://boxd.it/tRts,4.5
2023-01-28,Nanny,2022,https://boxd.it/vPHQ,4.5
2023-01-30,The Help,2011,https://boxd.it/EDm,3
2023-01-30,Entergalactic,2022,https://boxd.it/CPN4,4
2023-01-30,Inu-Oh,2021,https://boxd.it/nQDE,4
2023-02-01,Frances Ha,2012,https://boxd.it/41Xg,4
2023-02-02,Space Is the Place,1974,https://boxd.it/1KBo,4
2023-02-05,Roma,2018,https://boxd.it/f69M,1
2023-02-06,Mars One,2022,https://boxd.it/yoPa,4.5
2023-02-06,Mister Johnson,1990,https://boxd.it/44Pk,0.5
2023-02-09,The Girls,1968,https://boxd.it/4mK8,4
2023-02-10,Before Sunrise,1995,https://boxd.it/2bcU,2
2023-02-10,The Daytrippers,1996,https://boxd.it/F9i,2.5
2023-02-11,Dragon Inn,1967,https://boxd.it/3xGa,4
2023-02-11,House,1977,https://boxd.it/1vsm,4.5
2023-02-13,Parasite,2019,https://boxd.it/hTha,3.5
2023-02-14,Free Guy,2021,https://boxd.it/k8dm,0.5
2023-02-15,Boyz n the Hood,1991,https://boxd.it/29Ug,4
2023-02-15,A Tale of Two Sisters,2003,https://boxd.it/248m,3
2023-02-21,Time,2020,https://boxd.it/oiOA,3
2023-02-23,Saint Omer,2022,https://boxd.it/yShC,4.5
2023-02-25,I Saw the Devil,2010,https://boxd.it/FaK,2
2023-02-27,The Kid,1921,https://boxd.it/1X5U,3.5
2023-02-27,Watermelon Man,1970,https://boxd.it/WuM,4
2023-03-01,City Lights,1931,https://boxd.it/29ki,4
2023-03-09,Ratatouille,2007,https://boxd.it/27ww,4.5
2023-03-10,Spider-Man: Into the Spider-Verse,2018,https://boxd.it/azpY,4.5
2023-03-15,Bacurau,2019,https://boxd.it/fSUG,3.5
2023-03-24,Jojo Rabbit,2019,https://boxd.it/iEBG,3.5
2023-03-25,My Dinner with Andre,1981,https://boxd.it/1vLe,4.5
2023-03-29,The Innocents,2021,https://boxd.it/oAlc,0.5
2023-04-01,The Housemaid,1960,https://boxd.it/WJs,3
2023-04-05,Forrest Gump,1994,https://boxd.it/728,3.5
2023-04-05,Back to the Future,1985,https://boxd.it/2b8e,3
2023-04-05,Back to the Future Part II,1989,https://boxd.it/2aYI,3
2023-04-05,Back to the Future Part III,1990,https://boxd.it/2aTS,2.5
2023-04-05,The Polar Express,2004,https://boxd.it/23am,2.5
2023-04-05,Decision to Leave,2022,https://boxd.it/qp9e,5
2023-04-06,Gone Girl,2014,https://boxd.it/6hQu,4
2023-04-08,Licorice Pizza,2021,https://boxd.it/qTKY,3
2023-04-09,The Cabinet of Dr. Caligari,1920,https://boxd.it/2aOo,2.5
2023-04-10,Grindhouse,2007,https://boxd.it/8RwY,2.5
2023-04-10,Planet Terror,2007,https://boxd.it/27Gw,2
2023-04-10,Death Proof,2007,https://boxd.it/27GG,2.5
2023-04-11,Hamilton,2020,https://boxd.it/kmvE,1
2023-04-11,Mad God,2021,https://boxd.it/vVPm,3
2023-04-11,All the Bright Places,2020,https://boxd.it/bpfQ,1.5
2023-04-11,To All the Boys: P.S. I Still Love You,2020,https://boxd.it/kJny,2
2023-04-11,Baywatch,2017,https://boxd.it/biG6,1
2023-04-11,Comrade Kim Goes Flying,2012,https://boxd.it/4bu4,3
2023-04-11,Jack and Jill,2011,https://boxd.it/2pQu,1
2023-04-11,The Hunger Games,2012,https://boxd.it/2uds,0.5
2023-04-11,Tooth Fairy,2010,https://boxd.it/1zKE,1.5
2023-04-11,Project X,2012,https://boxd.it/neO,0.5
2023-04-11,Scary Movie 4,2006,https://boxd.it/24B4,2
2023-04-11,Scary Movie,2000,https://boxd.it/24CG,1
2023-04-11,The Smiling Madame Beudet,1923,https://boxd.it/G28,3
2023-04-11,Black Girl,1966,https://boxd.it/3jIQ,3
2023-04-11,Ethnic Notions,1986,https://boxd.it/4FLO,3
2023-04-11,Black Panthers,1968,https://boxd.it/4BCe,2
2023-04-11,Natural Born Killers,1994,https://boxd.it/2aNg,1.5
2023-04-11,Beau Travail,1999,https://boxd.it/1NI8,2.5
2023-04-11,Herbie Fully Loaded,2005,https://boxd.it/1TP0,1
2023-04-11,Madagascar,2005,https://boxd.it/29dc,0.5
2023-04-11,Mean Girls,2004,https://boxd.it/1VNg,3
2023-04-11,Shrek,2001,https://boxd.it/29zi,3.5
2023-04-11,La Ciénaga,2001,https://boxd.it/kpk,2.5
2023-04-11,Harry Potter and the Chamber of Secrets,2002,https://boxd.it/29QI,3
2023-04-11,Harry Potter and the Prisoner of Azkaban,2004,https://boxd.it/29Qy,3.5
2023-04-11,Harry Potter and the Goblet of Fire,2005,https://boxd.it/29Qo,3
2023-04-11,Harry Potter and the Order of the Phoenix,2007,https://boxd.it/29Qe,2
2023-04-11,Harry Potter and the Half-Blood Prince,2009,https://boxd.it/29FU,1.5
2023-04-11,Harry Potter and the Deathly Hallows: Part 1,2010,https://boxd.it/1RYu,2
2023-04-11,Harry Potter and the Deathly Hallows: Part 2,2011,https://boxd.it/1RYk,2
2023-04-11,The Fast and the Furious: Tokyo Drift,2006,https://boxd.it/1Yeo,1.5
2023-04-11,Monster House,2006,https://boxd.it/1Z2e,2.5
2023-04-11,Happy Feet,2006,https://boxd.it/1XH0,1.5
2023-04-11,Flushed Away,2006,https://boxd.it/1Tpm,2.5
2023-04-11,Spider-Man 3,2007,https://boxd.it/2a7Y,1
2023-04-11,I Now Pronounce You Chuck & Larry,2007,https://boxd.it/25cE,1.5
2023-04-11,The Simpsons Movie,2007,https://boxd.it/6YU,2.5
2023-04-11,Bee Movie,2007,https://boxd.it/22Vw,1
2023-04-11,Meet Dave,2008,https://boxd.it/1Uf8,0.5
2023-04-11,Journey to the Center of the Earth,2008,https://boxd.it/38EI,2.5
2023-04-11,Superhero Movie,2008,https://boxd.it/1SM0,2
2023-04-11,Paranormal Activity,2007,https://boxd.it/1yIM,0.5
2023-04-11,The Game Plan,2007,https://boxd.it/1PDY,1.5
2023-04-11,Monsters vs Aliens,2009,https://boxd.it/1M50,2.5
2023-04-11,Zombieland,2009,https://boxd.it/1En6,0.5
2023-04-11,Hancock,2008,https://boxd.it/1Zv6,1
2023-04-11,Night at the Museum,2006,https://boxd.it/28wi,1.5
2023-04-11,White Chicks,2004,https://boxd.it/1SpK,2.5
2023-04-11,DodgeBall: A True Underdog Story,2004,https://boxd.it/1YAY,1
2023-04-11,Corpse Bride,2005,https://boxd.it/24WQ,3.5
2023-04-12,Green Lantern,2011,https://boxd.it/QN4,0.5
2023-04-12,Star Wars,1977,https://boxd.it/72s,3
2023-04-12,The Empire Strikes Back,1980,https://boxd.it/27Vw,3
2023-04-12,Return of the Jedi,1983,https://boxd.it/27Vm,3
2023-04-12,X-Men Origins: Wolverine,2009,https://boxd.it/27ug,2
2023-04-12,The Wolverine,2013,https://boxd.it/2CWU,2
2023-04-12,Bridge to Terabithia,2007,https://boxd.it/28YG,3.5
2023-04-12,Judas and the Black Messiah,2021,https://boxd.it/lsew,3
2023-04-12,Guardians of the Galaxy Vol. 2,2017,https://boxd.it/8MxC,3
2023-04-12,Guardians of the Galaxy,2014,https://boxd.it/3VH2,3
2023-04-12,Iron Man,2008,https://boxd.it/28dA,2.5
2023-04-12,Remember the Titans,2000,https://boxd.it/1VLk,3
2023-04-12,Star Wars: Episode II – Attack of the Clones,2002,https://boxd.it/27V2,2.5
2023-04-12,Star Wars: Episode III – Revenge of the Sith,2005,https://boxd.it/27US,2.5
2023-04-12,Star Wars: Episode I – The Phantom Menace,1999,https://boxd.it/27Vc,2
2023-04-12,Son of the Mask,2005,https://boxd.it/1WNQ,1
2023-04-12,Peter Pan,2003,https://boxd.it/1VQY,3
2023-04-12,Daddy Day Care,2003,https://boxd.it/1VAw,2
2023-04-12,Superbad,2007,https://boxd.it/20hO,2
2023-04-12,Click,2006,https://boxd.it/1YVM,2
2023-04-12,Epic Movie,2007,https://boxd.it/1XSs,1
2023-04-12,Norbit,2007,https://boxd.it/1XSM,1.5
2023-04-12,Ted,2012,https://boxd.it/2pgc,0.5
2023-04-12,The Hangover Part II,2011,https://boxd.it/PZI,0.5
2023-04-12,The Hangover,2009,https://boxd.it/1GjK,1.5
2023-04-12,The Spy Next Door,2010,https://boxd.it/1zyo,2
2023-04-12,Sherlock Holmes,2009,https://boxd.it/1W2A,2.5
2023-04-12,Tangled,2010,https://boxd.it/15gO,2
2023-04-12,School of Rock,2003,https://boxd.it/28xK,3
2023-04-19,Mr. & Mrs. Smith,2005,https://boxd.it/29CG,3
2023-04-21,Train to Busan,2016,https://boxd.it/dSQU,2.5
2023-04-26,The Batman,2022,https://boxd.it/eDGs,1.5
2023-04-26,Chungking Express,1994,https://boxd.it/1UDa,3.5
2023-05-01,Insiang,1976,https://boxd.it/3FMg,2.5
2023-05-08,Scream VI,2023,https://boxd.it/zdfW,1.5
2023-05-10,G-Force,2009,https://boxd.it/1ETc,1.5
2023-05-10,Vampires Suck,2010,https://boxd.it/125y,0.5
2023-05-11,Inception,2010,https://boxd.it/1skk,3
2023-05-11,Dunkirk,2017,https://boxd.it/d0Y6,2.5
2023-05-17,Limite,1931,https://boxd.it/20iW,1.5
2023-05-18,Return to Seoul,2022,https://boxd.it/zXDg,4
2023-05-24,Hereditary,2018,https://boxd.it/hNVe,1
2023-05-29,The Little Mermaid,1989,https://boxd.it/1WYO,1.5
2023-05-29,John Wick: Chapter 4,2023,https://boxd.it/mh48,3.5
2023-05-29,John Wick: Chapter 3 – Parabellum,2019,https://boxd.it/gmFw,2.5
2023-05-29,John Wick: Chapter 2,2017,https://boxd.it/ayGu,2.5
2023-05-29,John Wick,2014,https://boxd.it/7dEc,2.5
2023-05-31,Three... Extremes,2004,https://boxd.it/1eGw,3
2023-06-01,Aloners,2021,https://boxd.it/ujeK,4
2023-06-07,No Country for Old Men,2007,https://boxd.it/21ew,3
2023-06-07,The Menu,2022,https://boxd.it/lScm,2.5
2023-06-07,The Lobster,2015,https://boxd.it/7tnw,1
2023-06-07,Punch-Drunk Love,2002,https://boxd.it/20E4,3
2023-06-07,The Banshees of Inisherin,2022,https://boxd.it/p7XS,4
2023-06-09,Antonio das Mortes,1969,https://boxd.it/2Bcm,4
2023-06-12,The Whale,2022,https://boxd.it/tw4c,3
2023-06-12,I'm Your Man,2021,https://boxd.it/tWcG,2
2023-06-12,Se7en,1995,https://boxd.it/29zs,3
2023-06-12,Fresh,2022,https://boxd.it/tCNi,2.5
2023-06-12,The Curious Case of Benjamin Button,2008,https://boxd.it/23Fk,0.5
2023-06-13,Ran,1985,https://boxd.it/1Tlu,4.5
2023-06-19,Spider-Man: Across the Spider-Verse,2023,https://boxd.it/kSz4,3.5
2023-06-21,House of Flying Daggers,2004,https://boxd.it/1YoI,2.5
2023-06-28,The Cabin in the Woods,2011,https://boxd.it/1zOc,1.5
2023-06-29,Landless,2019,https://boxd.it/lcN6,3.5
2023-07-01,Revenge,1989,https://boxd.it/6qIY,3.5
2023-07-05,The Girl with the Dragon Tattoo,2011,https://boxd.it/2Pa,1
2023-07-05,Let the Right One In,2008,https://boxd.it/1Qr0,2
2023-07-10,Emicida: AmarElo - It's All for Yesterday,2020,https://boxd.it/sLK6,5
2023-07-10,The Pianist,2002,https://boxd.it/2aqc,4
2023-07-10,Singin' in the Rain,1952,https://boxd.it/29oY,4.5
2023-07-10,The Grand Budapest Hotel,2014,https://boxd.it/3ZqO,4
2023-07-10,Scarface,1983,https://boxd.it/2b7g,3
2023-07-10,Annette,2021,https://boxd.it/f0RS,3.5
2023-07-10,The Mitchells vs. the Machines,2021,https://boxd.it/i7xm,4.5
2023-07-10,Last Night in Soho,2021,https://boxd.it/lbJC,3.5
2023-07-10,The Worst Person in the World,2021,https://boxd.it/oyws,3.5
2023-07-10,The Tragedy of Macbeth,2021,https://boxd.it/lMi4,4
2023-07-10,Encanto,2021,https://boxd.it/kPRu,3.5
2023-07-10,The House,2022,https://boxd.it/yVza,2.5
2023-07-10,Nobody,2021,https://boxd.it/mLqS,2
2023-07-10,Lady Bird,2017,https://boxd.it/dGNE,4
2023-07-11,Moana,2016,https://boxd.it/8tfY,4
2023-07-11,Baby Driver,2017,https://boxd.it/bhF2,3.5
2023-07-11,Dazed and Confused,1993,https://boxd.it/1Ylk,1
2023-07-11,Triumph of the Will,1935,https://boxd.it/145A,0.5
2023-07-11,Life Is Beautiful,1997,https://boxd.it/29Wm,4.5
2023-07-11,Drive My Car,2021,https://boxd.it/sv94,4.5
2023-07-11,12 Angry Men,1957,https://boxd.it/2auI,4.5
2023-07-11,Come and See,1985,https://boxd.it/1w9q,4.5
2023-07-11,The Fabelmans,2022,https://boxd.it/ugoM,2
2023-07-11,TÁR,2022,https://boxd.it/uNIA,1
2023-07-11,Glass Onion,2022,https://boxd.it/oCkK,4
2023-07-11,Yi Yi,2000,https://boxd.it/1vCw,4.5
2023-07-11,"I, Daniel Blake",2016,https://boxd.it/d0xa,4.5
2023-07-11,Sherlock Jr.,1924,https://boxd.it/298m,3
2023-07-11,Marriage Story,2019,https://boxd.it/hJAw,3.5
2023-07-11,The Passion of Joan of Arc,1928,https://boxd.it/29DO,3
2023-07-11,Breaker Morant,1980,https://boxd.it/1PqK,1
2023-07-11,Portrait of a Lady on Fire,2019,https://boxd.it/jkPq,4.5
2023-07-11,Children of Men,2006,https://boxd.it/1Y2i,2.5
2023-07-11,The Shape of Water,2017,https://boxd.it/dZ5m,3
2023-07-11,Barbarian,2022,https://boxd.it/yohi,3
2023-07-11,Cha Cha Real Smooth,2022,https://boxd.it/uF8E,2.5
2023-07-11,Lullaby,2022,https://boxd.it/vvUA,3.5
2023-07-11,Fallen Angels,1995,https://boxd.it/1UkW,4.5
2023-07-11,Malcolm X,1992,https://boxd.it/27WE,4.5
2023-07-11,The Wailing,2016,https://boxd.it/9fLy,4
2023-07-11,The Tree of Life,2011,https://boxd.it/1Zu8,1
2023-07-11,In the Mood for Love,2000,https://boxd.it/29tE,4.5
2023-07-11,The Edge of Democracy,2019,https://boxd.it/kLiA,2.5
2023-07-11,The Hate U Give,2018,https://boxd.it/gQyg,2
2023-07-11,The Evil Dead,1981,https://boxd.it/29Go,1.5
2023-07-11,Jaws,1975,https://boxd.it/2a5e,2
2023-07-11,Häxan,1922,https://boxd.it/n4O,2
2023-07-11,8½,1963,https://boxd.it/2aqm,3
2023-07-12,Tokyo Story,1953,https://boxd.it/1HuY,3
2023-07-22,Made in U.S.A,1966,https://boxd.it/1nDw,1
2023-08-02,Shutter Island,2010,https://boxd.it/1U82,1.5
2023-08-02,Memento,2000,https://boxd.it/2bcK,3.5
2023-08-07,The Color of Pomegranates,1969,https://boxd.it/1u94,3
2023-08-08,The Red Shoes,1948,https://boxd.it/1EXI,2.5
2023-08-08,Masculin Féminin,1966,https://boxd.it/23UY,2
2023-08-16,Isle of Dogs,2018,https://boxd.it/dZrW,2
2023-09-13,The Second Mother,2015,https://boxd.it/9Ydm,3.5
2023-09-19,Oldboy,2003,https://boxd.it/29R2,5
2023-09-19,Guillermo del Toro's Pinocchio,2022,https://boxd.it/kjMW,3
2023-09-19,Bodies Bodies Bodies,2022,https://boxd.it/iRcE,3
2023-09-19,Pan's Labyrinth,2006,https://boxd.it/28No,4
2023-09-20,The Prestige,2006,https://boxd.it/293w,2.5
2023-10-01,Talk to Me,2022,https://boxd.it/C6uQ,3
2023-10-01,Elite Squad: The Enemy Within,2010,https://boxd.it/Jx4,3
2023-10-02,City of God,2002,https://boxd.it/2a2a,3.5
2023-10-02,A Nightmare on Elm Street,1984,https://boxd.it/2aw0,4
2023-10-03,Brazil,1985,https://boxd.it/2be2,2.5
2023-10-03,The People Under the Stairs,1991,https://boxd.it/1QMC,4
2023-10-04,Everything Everywhere All at Once,2022,https://boxd.it/jUk4,3
2023-10-05,The Sadness,2021,https://boxd.it/tcHe,1
2023-10-06,Phenomena,1985,https://boxd.it/1o4s,3.5
2023-10-07,The Others,2001,https://boxd.it/27Po,2
2023-10-08,A Page of Madness,1926,https://boxd.it/3i2u,3.5
2023-10-09,The Conjuring,2013,https://boxd.it/4sr2,3
2023-10-10,Saw II,2005,https://boxd.it/2aRs,0.5
2023-10-11,The Exorcist,1973,https://boxd.it/1Yoo,2.5
2023-10-11,Central Station,1998,https://boxd.it/29RG,3
2023-10-12,Jennifer's Body,2009,https://boxd.it/1Efw,3
2023-10-13,Possession,1981,https://boxd.it/1BPm,4.5
2023-10-13,Rear Window,1954,https://boxd.it/2a6Q,4.5
2023-10-14,Vertigo,1958,https://boxd.it/2apI,4
2023-10-15,Devil,2010,https://boxd.it/SX6,0.5
2023-10-17,Audition,1999,https://boxd.it/1UHm,4
2023-10-21,I Know What You Did Last Summer,1997,https://boxd.it/2588,3
2023-10-22,Carrie,1976,https://boxd.it/20ZQ,4
2023-10-22,The Blair Witch Project,1999,https://boxd.it/26ua,3
2023-10-23,Psycho,1960,https://boxd.it/2ab2,4.5
2023-10-25,Perfect Blue,1997,https://boxd.it/1W7A,4
2023-10-25,Black Swan,2010,https://boxd.it/Sw0,3.5
2023-10-26,Hard Labor,2011,https://boxd.it/3km2,4
2023-10-27,Shutter,2004,https://boxd.it/1JbY,3
2023-10-29,The Texas Chain Saw Massacre,1974,https://boxd.it/1lcS,3
2023-11-01,Halloween,1978,https://boxd.it/2wRu,3
2023-11-01,Five Nights at Freddy's,2023,https://boxd.it/ikHu,0.5
2023-11-03,Citizen Kane,1941,https://boxd.it/71O,3.5
2023-11-06,The Life Aquatic with Steve Zissou,2004,https://boxd.it/2aqw,3
2023-11-08,The Man from Earth,2007,https://boxd.it/1Ql2,0.5
2023-11-16,Murder on the Orient Express,2017,https://boxd.it/dHjA,1
2023-11-20,It Follows,2014,https://boxd.it/87wo,2
2023-11-28,Ossos,1997,https://boxd.it/rdg,2
2023-11-29,Oppenheimer,2023,https://boxd.it/wUow,3
2023-12-18,Being There,1979,https://boxd.it/1WxS,1
2023-12-19,Seconds,1966,https://boxd.it/1Dbe,2.5
2023-12-20,The Ballad of Narayama,1958,https://boxd.it/3SPW,3
2023-12-20,Slaughterhouse-Five,1972,https://boxd.it/1xrU,2
2023-12-26,Solaris,1972,https://boxd.it/2a2Y,4.5
2023-12-26,Taipei Story,1985,https://boxd.it/3BkC,3.5
2023-12-27,Barry Lyndon,1975,https://boxd.it/25A2,2.5
2023-12-27,Nashville,1975,https://boxd.it/25GE,4.5
2023-12-28,La Strada,1954,https://boxd.it/2asi,3
2023-12-29,Harakiri,1962,https://boxd.it/1NTU,4.5
2023-12-30,Ikiru,1952,https://boxd.it/251c,3.5
2023-12-31,The 400 Blows,1959,https://boxd.it/2b1C,2
2024-01-01,Je Tu Il Elle,1974,https://boxd.it/3gWK,3.5
2024-01-01,Stalker,1979,https://boxd.it/28PO,4.5
2024-01-02,Tell Me,1980,https://boxd.it/dnmk,2.5
2024-01-03,Mirror,1975,https://boxd.it/28Q8,3.5
2024-01-04,Atomic Blonde,2017,https://boxd.it/blDk,1
2024-01-08,Rouge,1987,https://boxd.it/2cdk,4
2024-01-10,The Emperor's New Groove,2000,https://boxd.it/1Tey,2
2024-01-16,GoodFellas,1990,https://boxd.it/29FA,4
2024-01-17,Godzilla,1954,https://boxd.it/28kc,3.5
2024-01-18,Bottoms,2023,https://boxd.it/uGf2,3
2024-01-18,Peninsula,2020,https://boxd.it/lnrU,3.5
2024-01-20,A Story of Floating Weeds,1934,https://boxd.it/SDU,3.5
2024-01-22,Bicycle Thieves,1948,https://boxd.it/23hW,2
2024-01-23,Kill Boksoon,2023,https://boxd.it/w53W,4
2024-01-24,Harry Potter and the Philosopher's Stone,2001,https://boxd.it/29QS,4
2024-01-24,Throw Down,2004,https://boxd.it/1vme,4.5
2024-01-29,La Abuela (The Grandmother),2021,https://boxd.it/oDfw,1
2024-01-31,Anatomy of a Fall,2023,https://boxd.it/yuDE,3.5
2024-01-31,Bo Burnham: Inside,2021,https://boxd.it/v2uy,1
2024-02-02,Police Story,1985,https://boxd.it/1Zhe,4
2024-02-05,Barbie,2023,https://boxd.it/bCLK,1
2024-02-06,Where Is the Friend's House?,1987,https://boxd.it/ELg,4.5
2024-02-07,The King of Comedy,1982,https://boxd.it/2aJS,4.5
2024-02-10,Clue,1985,https://boxd.it/1MDQ,1
2024-02-12,Taste of Cherry,1997,https://boxd.it/1m8W,4.5
2024-02-14,Tetris,2023,https://boxd.it/rePK,0.5
2024-02-16,The Umbrellas of Cherbourg,1964,https://boxd.it/22fK,3.5
2024-02-17,Shaun of the Dead,2004,https://boxd.it/29J8,5
2024-02-24,[REC],2007,https://boxd.it/20ma,3
2024-02-28,The Girl on the Train,2016,https://boxd.it/bCJY,1
2024-03-04,Sambizanga,1972,https://boxd.it/35LQ,4.5
2024-03-06,The Zone of Interest,2023,https://boxd.it/gJsA,1
2024-03-06,American Fiction,2023,https://boxd.it/DYHm,2.5
2024-03-06,Killers of the Flower Moon,2023,https://boxd.it/gHp0,4
2024-03-07,Poor Things,2023,https://boxd.it/tNWU,1
2024-03-08,The Holdovers,2023,https://boxd.it/vHza,4
2024-03-13,The Storytellers,2003,https://boxd.it/58Mw,4
2024-03-15,Pixote,1980,https://boxd.it/XCs,4
2024-03-15,"Rio, 100 Degrees F.",1955,https://boxd.it/4DUa,4
2024-03-17,Once Upon a Time in China,1991,https://boxd.it/1VOy,3.5
2024-03-19,Fake Blonde,2007,https://boxd.it/5eHM,4
2024-03-22,Helter Skelter,2012,https://boxd.it/3ybW,3
2024-03-25,La Haine,1995,https://boxd.it/2as8,4.5
2024-03-26,Cyrano,2021,https://boxd.it/rnri,1
2024-03-26,Tenet,2020,https://boxd.it/leq4,1
2024-03-26,Easy Rider,1969,https://boxd.it/29Ys,2
2024-03-26,The Card Counter,2021,https://boxd.it/nTH0,1
2024-03-26,Blue Bayou,2021,https://boxd.it/nUwi,1
2024-03-26,The Hand of God,2021,https://boxd.it/r5uI,1
2024-03-26,Triangle of Sadness,2022,https://boxd.it/hXlq,1
2024-03-26,Lamb,2021,https://boxd.it/tFwE,1
2024-03-26,Cry Macho,2021,https://boxd.it/s9z0,2
2024-03-26,The Social Network,2010,https://boxd.it/17ue,1
2024-03-26,Fight Club,1999,https://boxd.it/2a9q,1
2024-03-26,The Killer,2023,https://boxd.it/u6WE,1
2024-03-26,Elite Squad,2007,https://boxd.it/20YI,1
2024-03-26,Final Destination,2000,https://boxd.it/1YrC,1
2024-03-26,Before Sunset,2004,https://boxd.it/2bcg,1
2024-03-26,The Lost Daughter,2021,https://boxd.it/kgww,1
2024-03-26,Game of Death,1978,https://boxd.it/1Qpe,1
2024-03-26,Zodiac,2007,https://boxd.it/27MO,1
2024-03-29,Araby,2017,https://boxd.it/fpKs,3
2024-04-01,The All-Around Reduced Personality: Redupers,1978,https://boxd.it/5H8w,4.5
2024-04-03,Necropolis Symphony,2014,https://boxd.it/8Yos,3
2024-04-10,The Graduate,1967,https://boxd.it/18Im,2
2024-05-06,Home Alone,1990,https://boxd.it/29Fg,3
2024-05-07,Cléo from 5 to 7,1962,https://boxd.it/2agm,4
2024-05-08,Coherence,2013,https://boxd.it/6xza,2
2024-05-13,Dona Flor and Her Two Husbands,1976,https://boxd.it/Xpo,4
2024-05-22,Z-O-M-B-I-E-S,2018,https://boxd.it/hp12,1
2024-05-26,Battle Royale,2000,https://boxd.it/25zS,4.5
2024-06-04,Bring Me the Head of Alfredo Garcia,1974,https://boxd.it/1SIs,3
2024-06-06,Bamboozled,2000,https://boxd.it/1xfa,4.5
2024-06-17,The First Slam Dunk,2022,https://boxd.it/tt94,4.5
2024-06-18,Next Sohee,2022,https://boxd.it/yMTU,3.5
2024-06-21,The Devil Wears Prada,2006,https://boxd.it/2awE,2
2024-06-25,April Story,1998,https://boxd.it/2n9o,4
2024-06-30,The Blackening,2022,https://boxd.it/C6VM,2
2024-07-01,Entranced Earth,1967,https://boxd.it/qkU,4
2024-07-03,Primer,2004,https://boxd.it/6YA,1
2024-07-08,Sorry to Bother You,2018,https://boxd.it/f21E,4
2024-07-08,American Psycho,2000,https://boxd.it/28Vs,3.5
2024-07-10,House of Hummingbird,2018,https://boxd.it/jZ8C,4.5
2024-07-10,Do the Right Thing,1989,https://boxd.it/29gA,5
2024-07-17,The Up Rank,2022,https://boxd.it/BDAK,2
2024-07-22,Querelle,1982,https://boxd.it/XEy,3
2024-07-29,Memories of Murder,2003,https://boxd.it/1TSo,5
2024-08-05,Saloum,2021,https://boxd.it/wp1w,4
2024-08-07,Surf's Up,2007,https://boxd.it/1YKY,3
2024-08-19,Sleep,2023,https://boxd.it/Aqmo,4
2024-08-21,Challengers,2024,https://boxd.it/zld0,3
2024-08-26,Torment,1994,https://boxd.it/1HMS,1
2024-08-26,Starship Troopers,1997,https://boxd.it/2a7k,3.5
2024-08-27,Unforgiven,1992,https://boxd.it/6Z4,4
2024-08-31,Heat,1995,https://boxd.it/2bg8,4
2024-09-02,Le Corbeau,1947,https://boxd.it/1ofg,4
2024-09-02,Cure,1997,https://boxd.it/1blA,5
2024-09-02,Rope,1948,https://boxd.it/28yo,4
2024-09-08,The Discreet Charm of the Bourgeoisie,1972,https://boxd.it/2440,4
2024-09-09,Final Destination 2,2003,https://boxd.it/1YSS,1
2024-09-10,The Room,2003,https://boxd.it/1ICY,0.5
2024-09-12,Nope,2022,https://boxd.it/sDCe,5
2024-09-13,Uncut Gems,2019,https://boxd.it/gXGc,4
2024-09-15,Friday the 13th,1980,https://boxd.it/24fs,2
2024-09-15,Final Destination 3,2006,https://boxd.it/1Z40,3
2024-09-16,Monterey Pop,1968,https://boxd.it/WpC,3
2024-09-16,A Bittersweet Life,2005,https://boxd.it/1U4Y,4
2024-09-17,Rye Lane,2023,https://boxd.it/DIyy,5
2024-09-20,Autumn Sonata,1978,https://boxd.it/1Rio,4.5
2024-09-21,The Merciless,2017,https://boxd.it/g7ma,4.5
2024-09-23,The Pool,2018,https://boxd.it/k6bS,1
2024-09-23,Dìdi (弟弟),2024,https://boxd.it/HQOW,2
2024-09-25,Suspiria,1977,https://boxd.it/1SNW,4.5
2024-10-01,Alien,1979,https://boxd.it/2awY,3
2024-10-01,The Truman Show,1998,https://boxd.it/18U8,3
2024-10-02,Aliens,1986,https://boxd.it/29PA,3
2024-10-03,Lake Mungo,2008,https://boxd.it/1rWM,3
2024-10-03,Alien³,1992,https://boxd.it/20zS,0.5
2024-10-04,At Midnight I'll Take Your Soul,1964,https://boxd.it/1kje,4
2024-10-04,Alien Resurrection,1997,https://boxd.it/20zI,0.5
2024-10-05,Coming Out,2000,https://boxd.it/5TUW,3
2024-10-06,Pulgasari,1985,https://boxd.it/1sL6,3.5
2024-10-07,They Live,1988,https://boxd.it/20lm,4.5
2024-10-07,Aliens vs Predator: Requiem,2007,https://boxd.it/2ans,0.5
2024-10-08,Hellraiser,1987,https://boxd.it/1Zpi,3
2024-10-08,Prometheus,2012,https://boxd.it/2s9e,1
2024-10-09,Deep Red,1975,https://boxd.it/1E1E,4.5
2024-10-09,Ilo Ilo,2013,https://boxd.it/5HWQ,3
2024-10-10,Bulbbul,2020,https://boxd.it/qKNY,1
2024-10-11,Inferno,1980,https://boxd.it/1KbK,4.5
2024-10-12,The Beyond,1981,https://boxd.it/1FtY,4
2024-10-13,The Stuff,1985,https://boxd.it/1GQa,2
2024-10-14,Concrete Utopia,2023,https://boxd.it/rnf2,4.5
2024-10-16,Guilty of Romance,2011,https://boxd.it/2OAQ,3
2024-10-16,The Love Witch,2016,https://boxd.it/cZie,4
2024-10-16,Alien: Covenant,2017,https://boxd.it/49UY,1
2024-10-16,Alien: Romulus,2024,https://boxd.it/zGqO,3
2024-10-17,The Quiet Family,1998,https://boxd.it/2Bes,3
2024-10-19,Little Monsters,2019,https://boxd.it/iarm,2
2024-10-20,Piranha,1978,https://boxd.it/1wTI,3
2024-10-21,Dawn of the Dead,1978,https://boxd.it/29gU,4
2024-10-22,Whispering Corridors,1998,https://boxd.it/127a,3
2024-10-23,Memento Mori,1999,https://boxd.it/v2c,3.5
2024-10-23,Fireworks,1997,https://boxd.it/22mQ,2
2024-10-24,Eyes Without a Face,1960,https://boxd.it/1j9i,3.5
2024-10-25,The Wicker Man,1973,https://boxd.it/1KnG,4.5
2024-10-26,Stage Fright,1987,https://boxd.it/1Drm,3.5
2024-10-28,Rats: Night of Terror,1984,https://boxd.it/2VbS,2
2024-10-28,New Nightmare,1994,https://boxd.it/1TsU,4.5
2024-10-30,The Phantom Carriage,1921,https://boxd.it/l4s,4
2024-11-04,Paprika,2006,https://boxd.it/23wW,4.5
2024-11-06,Nausicaä of the Valley of the Wind,1984,https://boxd.it/2bc6,3
2024-11-11,Seven Samurai,1954,https://boxd.it/2axi,4.5
2024-11-18,Spider-Man,2002,https://boxd.it/2a8i,2
2024-11-18,Le Samouraï,1967,https://boxd.it/22ZI,4
2024-11-19,Johanna d‘Arc of Mongolia,1989,https://boxd.it/3YZy,3.5
2024-11-25,Rashomon,1950,https://boxd.it/2a9K,4.5
2024-11-29,Z,1969,https://boxd.it/26pY,4.5
2024-11-30,Battleship Potemkin,1925,https://boxd.it/29Vo,4
2024-12-02,Touki Bouki,1973,https://boxd.it/2H44,4
2024-12-04,Love for Sale,2006,https://boxd.it/3jjw,4.5
2024-12-09,Lady Snowblood,1973,https://boxd.it/26Fi,4.5
2024-12-16,The Battle of Algiers,1966,https://boxd.it/1IRY,4.5
2024-12-18,In This Corner of the World,2016,https://boxd.it/d9kY,1
2024-12-25,Home Alone 2: Lost in New York,1992,https://boxd.it/29F6,2
2024-12-27,A Taste of Honey,1961,https://boxd.it/1wtA,1
2024-12-30,In the Heights,2021,https://boxd.it/gLhu,1
2025-01-02,The Day I Met You,2023,https://boxd.it/IBKM,4
2025-01-03,To Live,1994,https://boxd.it/1j6S,3
2025-01-05,Thief,1981,https://boxd.it/1TEc,4.5
2025-01-06,The Big Boss,1971,https://boxd.it/1RU8,3
2025-01-06,The Killer,1989,https://boxd.it/1Vha,5
2025-01-13,Hard Boiled,1992,https://boxd.it/1T6a,4.5
2025-01-14,Candyman,1992,https://boxd.it/1Ys6,1
2025-02-04,The Bridges of Madison County,1995,https://boxd.it/29Os,5
2025-02-05,Suicide Club,2001,https://boxd.it/1RkY,2
2025-02-14,Bone Tomahawk,2015,https://boxd.it/9kiw,2
2025-02-17,The Housemaid,2010,https://boxd.it/Q6k,3
2025-02-24,Anora,2024,https://boxd.it/Egcw,3.5
2025-02-26,Shaolin Soccer,2001,https://boxd.it/1T86,4
2025-02-28,Peppermint Candy,1999,https://boxd.it/ZQc,3
2025-02-28,Bright,2017,https://boxd.it/e1H8,1
2025-02-28,Insomnia,2002,https://boxd.it/2aB0,1
2025-02-28,Her,2013,https://boxd.it/4O24,1
2025-02-28,Over the Hedge,2006,https://boxd.it/20QY,1
2025-02-28,Passengers,2016,https://boxd.it/8lFu,1
2025-02-28,Aquaman,2018,https://boxd.it/9ru0,1
2025-02-28,Dead Ringers,1988,https://boxd.it/1Yqk,1
2025-02-28,Past Lives,2023,https://boxd.it/oNB8,1
2025-02-28,White Dog,1982,https://boxd.it/Jtc,1
2025-02-28,Requiem for a Dream,2000,https://boxd.it/29VI,1
2025-02-28,Slumdog Millionaire,2008,https://boxd.it/1S3E,1
2025-02-28,Pearl,2022,https://boxd.it/zPbe,1
2025-02-28,Lightyear,2022,https://boxd.it/qV1G,1
2025-02-28,AVP: Alien vs. Predator,2004,https://boxd.it/2atU,1
2025-02-28,Soylent Green,1973,https://boxd.it/1SxE,1
2025-02-28,Snowpiercer,2013,https://boxd.it/3Icg,1
2025-02-28,Charlie and the Chocolate Factory,2005,https://boxd.it/2b68,1
2025-02-28,Charade,1963,https://boxd.it/23O2,2
2025-02-28,Don't Look Up,2021,https://boxd.it/o0Hc,1
2025-02-28,Women Talking,2022,https://boxd.it/tdq4,1
2025-02-28,Matilda,1996,https://boxd.it/1VhY,2
2025-02-28,X,2022,https://boxd.it/sxVa,2
2025-02-28,Raya and the Last Dragon,2021,https://boxd.it/jbkI,1
2025-02-28,2046,2004,https://boxd.it/29tu,2
2025-02-28,The Power of the Dog,2021,https://boxd.it/m99E,2
2025-02-28,Get Rich or Die Tryin',2005,https://boxd.it/1XbS,2
2025-02-28,Rosemary's Baby,1968,https://boxd.it/29zM,1
2025-02-28,The Devil's Backbone,2001,https://boxd.it/28Li,2
2025-02-28,Y Tu Mamá También,2001,https://boxd.it/28QM,1
2025-02-28,Stealing Raden Saleh,2022,https://boxd.it/voXi,2
2025-02-28,Spencer,2021,https://boxd.it/qPMG,1
2025-02-28,The Black Phone,2021,https://boxd.it/sqFE,2
2025-02-28,Logan,2017,https://boxd.it/7Piy,2
2025-02-28,Worth,2020,https://boxd.it/o7ZM,1
2025-02-28,Being the Ricardos,2021,https://boxd.it/iJQc,1
2025-02-28,Jules and Jim,1962,https://boxd.it/28rM,2
2025-02-28,The Suicide Squad,2021,https://boxd.it/fw6O,2
2025-02-28,8 Mile,2002,https://boxd.it/2bew,2
2025-02-28,Marcel the Shell with Shoes On,2021,https://boxd.it/wMAk,2
2025-03-02,Sound of Metal,2019,https://boxd.it/i7Q4,2
2025-03-02,"Merry Christmas, Mr. Lawrence",1983,https://boxd.it/1SHu,2
2025-03-03,Daisies,1966,https://boxd.it/LZk,3
2025-03-04,Dawn of the Dead,2004,https://boxd.it/29gK,2
2025-03-05,Oasis,2002,https://boxd.it/1sO0,4.5
2025-03-06,Bedevilled,2010,https://boxd.it/2iWK,2
2025-03-06,Gosford Park,2001,https://boxd.it/239e,2
2025-03-06,Furie,2019,https://boxd.it/kP80,2
2025-03-06,Furies,2022,https://boxd.it/BmlI,1
2025-03-10,The Fast and the Furious,2001,https://boxd.it/1XMu,1
